﻿<?xml version="1.0" encoding="utf-8"?>
<Package xmlns="http://schemas.microsoft.com/appx/manifest/foundation/windows10" xmlns:mp="http://schemas.microsoft.com/appx/2014/phone/manifest" xmlns:uap="http://schemas.microsoft.com/appx/manifest/uap/windows10" xmlns:rescap="http://schemas.microsoft.com/appx/manifest/foundation/windows10/restrictedcapabilities" IgnorableNamespaces="uap rescap build" xmlns:build="http://schemas.microsoft.com/developer/appx/2015/build">
  <!--
    THIS PACKAGE MANIFEST FILE IS GENERATED BY THE BUILD PROCESS.

    Changes to this file will be lost when it is regenerated. To correct errors in this file, edit the source .appxmanifest file.

    For more information on package manifest files, see http://go.microsoft.com/fwlink/?LinkID=241727
  -->
  <Identity Name="ad807206-1892-4c12-8177-68e87ee6dacb" Publisher="CN=I.V.SRICHANDRA" Version="1.0.0.0" ProcessorArchitecture="x64" />
  <mp:PhoneIdentity PhoneProductId="ad807206-1892-4c12-8177-68e87ee6dacb" PhonePublisherId="00000000-0000-0000-0000-000000000000" />
  <Properties>
    <DisplayName>ExQute_Project</DisplayName>
    <PublisherDisplayName>I.V.SRICHANDRA</PublisherDisplayName>
    <Logo>Assets\StoreLogo.png</Logo>
  </Properties>
  <Dependencies>
    <TargetDeviceFamily Name="Windows.Universal" MinVersion="10.0.17763.0" MaxVersionTested="10.0.19041.0" />
    <TargetDeviceFamily Name="Windows.Desktop" MinVersion="10.0.17763.0" MaxVersionTested="10.0.19041.0" />
    <PackageDependency Name="Microsoft.WindowsAppRuntime.1.8" MinVersion="8000.625.330.0" Publisher="CN=Microsoft Corporation, O=Microsoft Corporation, L=Redmond, S=Washington, C=US" />
  </Dependencies>
  <Resources>
    <Resource Language="EN-US" />
  </Resources>
  <Applications>
    <Application Id="App" Executable="ExQute_Project.exe" EntryPoint="Windows.FullTrustApplication">
      <uap:VisualElements DisplayName="ExQute_Project" Description="ExQute_Project" BackgroundColor="transparent" Square150x150Logo="Assets\Square150x150Logo.png" Square44x44Logo="Assets\Square44x44Logo.png">
        <uap:DefaultTile Wide310x150Logo="Assets\Wide310x150Logo.png" />
        <uap:SplashScreen Image="Assets\SplashScreen.png" />
      </uap:VisualElements>
    </Application>
  </Applications>
  <Capabilities>
    <rescap:Capability Name="runFullTrust" />
  </Capabilities>
  <Extensions>
    <Extension Category="windows.activatableClass.inProcessServer">
      <InProcessServer>
        <Path>Microsoft.Web.WebView2.Core.dll</Path>
        <ActivatableClass ActivatableClassId="Microsoft.Web.WebView2.Core.CoreWebView2CompositionController" ThreadingModel="both" />
        <ActivatableClass ActivatableClassId="Microsoft.Web.WebView2.Core.CoreWebView2CustomSchemeRegistration" ThreadingModel="both" />
        <ActivatableClass ActivatableClassId="Microsoft.Web.WebView2.Core.CoreWebView2Controller" ThreadingModel="both" />
        <ActivatableClass ActivatableClassId="Microsoft.Web.WebView2.Core.CoreWebView2EnvironmentOptions" ThreadingModel="both" />
        <ActivatableClass ActivatableClassId="Microsoft.Web.WebView2.Core.CoreWebView2ControllerWindowReference" ThreadingModel="both" />
        <ActivatableClass ActivatableClassId="Microsoft.Web.WebView2.Core.CoreWebView2Environment" ThreadingModel="both" />
      </InProcessServer>
    </Extension>
  </Extensions>
  <build:Metadata>
    <build:Item Name="Microsoft.UI.Xaml.Markup.Compiler.dll" Version="3.0.0.2509" />
    <build:Item Name="makepri.exe" Version="10.0.26100.6584 (WinBuild.160101.0800)" />
  </build:Metadata>
</Package>